ステータス,記事タイトル,URL,メインキーワード,サブキーワード,ロングテール①,ロングテール②,ロングテール③,カテゴリ,公開日,備考
公開済,飲食店がホームページを持つべき5つの理由,/blog/why-homepage.html,飲食店 ホームページ 必要,飲食店 ホームページ 福岡,飲食店 ホームページ メリット,カフェ ホームページ 作り方,居酒屋 集客 方法,集客,2026/04/13,
公開済,【初心者向け】SEOとは？検索で上位表示される仕組みをわかりやすく解説,/blog/seo-basics.html,SEO とは 初心者,SEO とは わかりやすく,検索上位 表示 方法,Google 検索 仕組み,ホームページ SEO対策 やり方,SEO,2026/04/13,
公開済,ホームページ制作の費用相場は？月額制と買い切りを徹底比較,/blog/cost-comparison.html,ホームページ制作 費用 相場,ホームページ 月額制 比較,ホームページ制作 安い,HP制作 初期費用 無料,ホームページ サブスク メリット,費用,2026/04/13,
企画中,美容室がホームページで集客する方法,,美容室 ホームページ 集客,美容室 ホームページ 福岡,美容室 予約 ホームページ,サロン 集客 方法,美容院 ホームページ 必要,集客,,業種別シリーズ②
企画中,建設業のホームページに必要な情報とは？,,建設業 ホームページ 必要,建設業 ホームページ 福岡,工務店 ホームページ 事例,リフォーム会社 ホームページ,建設業 集客 方法,集客,,業種別シリーズ③
企画中,Googleマップで上位表示する方法（MEO対策入門）,,MEO対策 やり方 初心者,Googleマップ 上位表示,MEO対策 費用,MEO SEO 違い,Googleビジネスプロフィール 登録,SEO,,検索ボリューム大
企画中,ホームページとSNSの違いは？両方必要な理由,,ホームページ SNS 違い,SNS ホームページ どっち,Instagram ホームページ 必要,SNSだけ 集客 限界,ホームページ メリット,集客,,初心者向け
企画中,個人事業主がホームページを持つべき5つの理由,,個人事業主 ホームページ 必要,フリーランス ホームページ,個人事業主 集客,個人事業主 ホームページ 格安,開業 ホームページ,集客,,ターゲット:個人事業主
企画中,ホームページを作ったのにお客さんが来ない？3つの原因と対策,,ホームページ 集客 できない,ホームページ アクセス 増やす,ホームページ 効果ない,ホームページ 改善 方法,Web集客 初心者,SEO,,悩み解決型
企画中,【福岡】ホームページ制作会社の選び方5つのポイント,,福岡 ホームページ制作 おすすめ,福岡 Web制作会社 選び方,ホームページ制作 比較 福岡,福岡 HP制作 安い,ホームページ制作 失敗,費用,,地域SEO強化
企画中,SSL証明書とは？ホームページのセキュリティを守る基礎知識,,SSL とは わかりやすく,ホームページ セキュリティ,https 意味,SSL 無料 有料 違い,ホームページ 安全,SEO,,技術解説系
企画中,レスポンシブデザインとは？スマホ対応が必須な理由,,レスポンシブデザイン とは,ホームページ スマホ対応,スマホ対応 必要,モバイルフレンドリー とは,スマホ 表示 崩れる,SEO,,技術解説系
